iter	MultiClass
0	1.289122573
1	1.051630357
2	0.8941871164
